CustomerID,Age,Annual_Income_k,Spending_Score,Membership_Years,Visits_Per_Month,Gender
1,53,48.9,51,10,4.4,Female
2,23,33.7,83,1,8.6,Female
3,56,52.9,53,11,2.6,Female
4,42,111.4,76,6,6.3,Male
5,43,70.0,65,5,10.3,Male
6,42,55.5,40,11,4.3,Female
7,42,48.9,54,3,6.0,Male
8,29,81.7,76,4,7.3,Female
9,21,28.7,85,1,7.2,Male
10,67,36.0,38,5,4.1,Female
11,28,30.1,83,1,9.8,Male
12,40,84.2,33,7,1.4,Male
13,51,53.1,41,9,4.6,Male
14,25,34.4,81,1,8.2,Female
15,63,50.0,54,6,5.2,Female
16,51,41.7,38,8,5.0,Male
17,65,34.2,42,9,4.1,Male
18,29,30.3,85,0,10.3,Female
19,22,29.7,9,1,1.2,Female
20,54,57.4,48,3,5.2,Female
21,57,49.3,34,5,4.8,Female
22,60,33.8,43,12,3.0,Female
23,35,24.9,26,2,1.7,Female
24,24,25.7,25,0,1.8,Female
25,21,38.5,76,1,7.5,Female
26,71,26.7,55,8,4.7,Male
27,55,29.7,44,12,3.3,Male
28,31,90.3,25,5,2.9,Female
29,40,95.0,81,7,5.9,Female
30,25,27.2,15,2,0.6,Male
31,65,27.3,40,5,3.6,Male
32,37,23.5,22,2,3.0,Male
33,74,37.6,35,13,3.2,Male
34,42,95.2,78,3,8.7,Male
35,28,22.1,91,1,11.8,Male
36,23,27.0,17,2,1.6,Male
37,54,56.9,50,6,5.2,Female
38,25,28.6,83,1,9.7,Female
39,41,75.8,15,8,1.2,Male
40,24,28.9,70,0,8.1,Male
41,55,49.9,47,5,5.8,Male
42,27,24.8,72,1,10.6,Female
43,72,48.8,50,12,2.7,Female
44,32,109.9,74,3,6.3,Male
45,28,29.8,69,1,8.2,Male
46,23,34.4,81,0,9.3,Female
47,24,28.8,75,1,10.8,Female
48,25,34.1,81,0,11.8,Female
49,60,53.8,59,10,4.5,Female
50,23,26.3,74,0,6.5,Male
51,19,35.3,69,1,12.4,Female
52,29,118.1,71,3,7.8,Female
53,38,95.1,74,6,4.9,Male
54,48,57.1,52,11,5.7,Male
55,34,96.9,15,9,0.8,Female
56,27,28.3,82,1,10.8,Male
57,42,96.2,81,2,7.2,Female
58,22,20.0,84,0,8.3,Male
59,47,76.0,21,8,0.8,Male
60,19,28.1,77,1,12.3,Female
61,67,44.0,45,5,3.9,Male
62,40,88.8,17,5,1.9,Female
63,20,24.0,25,0,1.2,Female
64,60,27.4,40,11,5.4,Female
65,27,26.0,79,0,6.9,Female
66,29,32.9,82,0,9.9,Male
67,73,27.1,42,11,3.5,Female
68,24,27.6,80,1,7.9,Male
69,41,104.2,9,9,1.6,Male
70,48,48.9,49,8,4.7,Male
71,32,27.0,13,2,1.1,Male
72,33,20.6,14,2,1.8,Female
73,33,21.1,24,0,2.5,Female
74,21,22.3,11,0,0.8,Male
75,28,27.9,10,1,2.2,Female
76,38,26.8,21,0,2.0,Male
77,46,118.4,15,3,1.7,Male
78,19,30.5,77,1,11.7,Female
79,62,48.6,40,5,2.8,Female
80,69,39.9,38,5,3.9,Male
81,30,96.8,75,3,7.4,Male
82,27,30.6,73,1,10.9,Female
83,72,27.3,44,8,2.7,Female
84,29,89.5,74,6,7.2,Female
85,35,31.0,15,0,1.0,Female
86,19,27.2,87,1,12.2,Male
87,32,86.9,74,2,7.3,Female
88,47,52.3,46,10,5.2,Female
89,34,29.8,16,2,1.3,Male
90,20,29.8,18,2,1.7,Male
91,60,51.6,42,10,4.2,Male
92,74,33.2,47,8,5.2,Male
93,48,47.4,43,9,4.4,Male
94,23,30.3,28,0,1.3,Male
95,41,43.4,52,4,5.5,Male
96,34,22.7,12,0,1.5,Female
97,29,27.1,82,1,9.1,Female
98,27,35.5,77,1,8.1,Male
99,62,39.0,40,4,4.6,Female
100,25,34.4,81,1,12.1,Male
101,44,100.6,17,2,0.8,Female
102,41,58.6,42,8,3.2,Female
103,19,33.7,87,1,12.1,Male
104,35,23.7,18,1,1.2,Female
105,39,31.1,17,0,0.8,Female
106,26,25.0,93,0,10.1,Male
107,30,31.2,17,0,1.5,Male
108,44,109.4,13,5,2.2,Female
109,39,26.1,13,1,2.1,Male
110,43,92.8,81,7,7.9,Male
111,44,129.2,79,5,6.2,Female
112,46,54.4,45,9,5.2,Male
113,26,29.3,21,1,2.3,Male
114,22,27.8,75,0,12.7,Female
115,60,45.5,49,7,3.7,Male
116,33,21.3,19,1,1.5,Female
117,47,86.7,27,3,1.9,Female
118,46,88.9,13,9,0.9,Male
119,37,90.9,79,6,7.2,Male
120,26,27.2,88,1,9.3,Male
121,42,95.3,21,8,1.6,Male
122,44,111.6,73,7,3.8,Female
123,26,19.3,30,0,1.4,Male
124,33,104.3,74,2,6.7,Male
125,51,98.9,26,9,1.5,Female
126,38,75.9,14,1,1.4,Male
127,45,45.5,52,11,4.9,Male
128,36,98.3,24,7,1.4,Male
129,41,86.3,74,3,7.4,Male
130,24,28.7,21,0,0.7,Male
131,26,24.5,86,0,11.7,Female
132,31,102.5,91,4,8.4,Male
133,72,37.9,40,7,3.1,Female
134,38,65.7,26,8,1.3,Female
135,42,102.0,66,3,6.0,Female
136,27,25.4,89,0,10.1,Male
137,36,95.6,23,2,1.6,Male
138,29,22.9,63,0,13.0,Male
139,23,31.8,79,1,7.3,Female
140,43,84.5,16,1,2.6,Female
141,20,25.7,75,1,10.5,Female
142,42,88.1,32,7,1.2,Female
143,56,35.3,46,12,4.1,Male
144,26,26.6,75,1,9.6,Female
145,49,87.9,14,3,2.2,Female
146,31,110.8,15,1,2.5,Male
147,19,30.5,73,1,12.2,Male
148,45,100.7,24,1,1.2,Female
149,48,104.1,23,7,0.7,Male
150,51,52.8,49,6,5.5,Female
151,24,32.0,77,0,10.9,Female
152,32,111.2,86,5,7.6,Female
153,20,32.3,82,0,10.4,Male
154,20,22.1,86,1,10.0,Male
155,69,41.4,39,8,5.5,Male
156,32,19.8,15,2,1.4,Male
157,25,25.5,82,0,10.7,Female
158,31,72.2,6,2,1.7,Male
159,61,47.1,43,9,4.3,Female
160,21,19.8,79,1,11.4,Female
161,35,91.3,70,3,7.4,Female
162,33,29.0,24,2,0.2,Male
163,42,61.0,46,5,4.9,Male
164,23,31.6,73,1,7.6,Male
165,47,45.8,53,9,4.9,Female
166,59,28.2,38,14,4.4,Female
167,18,28.7,80,1,9.0,Male
168,20,29.8,82,0,8.9,Male
169,67,46.7,46,11,3.1,Male
170,38,102.8,76,7,6.5,Female
171,29,30.6,71,0,6.4,Male
172,37,115.6,76,2,6.8,Male
173,67,42.5,40,5,3.9,Male
174,33,93.2,76,5,7.6,Female
175,30,124.5,74,6,7.3,Male
176,35,115.0,67,2,8.0,Female
177,55,46.5,44,5,4.0,Male
178,33,90.2,75,7,7.0,Female
179,40,98.6,75,3,8.0,Male
180,61,46.0,47,4,4.0,Male
181,60,55.0,47,5,4.4,Male
182,42,85.7,17,8,0.5,Female
183,51,59.1,42,10,3.9,Female
184,20,31.9,15,0,0.4,Female
185,62,31.6,48,13,5.0,Female
186,41,101.1,73,7,7.1,Female
187,47,37.6,41,4,4.8,Female
188,18,31.0,74,0,9.7,Female
189,36,85.6,18,6,1.8,Male
190,40,89.4,68,6,4.0,Female
191,66,49.3,54,9,4.3,Male
192,55,66.4,42,10,5.1,Male
193,52,45.0,55,5,5.7,Female
194,36,96.9,21,2,1.1,Female
195,43,103.3,80,3,8.7,Male
196,43,92.5,15,6,1.4,Male
197,41,101.4,67,7,8.6,Female
198,25,32.2,78,1,10.1,Female
199,40,73.5,70,7,4.7,Female
200,48,42.6,45,5,3.4,Female
201,68,46.4,40,11,3.9,Male
202,21,28.9,87,1,11.2,Female
203,53,96.6,8,4,2.0,Male
204,37,109.9,59,6,4.6,Male
205,40,100.2,68,3,8.6,Male
206,39,78.8,20,4,2.1,Male
207,31,78.8,17,3,1.2,Female
208,23,18.0,71,0,8.7,Female
209,60,53.3,40,7,2.9,Male
210,23,26.6,12,2,1.7,Female
211,41,107.7,12,2,1.2,Female
212,28,88.0,78,3,6.9,Female
213,30,19.6,16,1,2.6,Female
214,37,26.2,23,0,1.0,Female
215,36,96.3,25,8,1.6,Male
216,32,27.7,23,1,1.2,Male
217,47,52.1,42,5,5.1,Female
218,36,89.5,19,4,1.1,Male
219,37,27.9,16,2,1.7,Male
220,33,86.1,22,6,1.8,Female
221,60,50.6,48,5,5.4,Male
222,52,83.2,5,3,2.2,Male
223,29,32.1,83,0,11.0,Female
224,54,67.8,14,2,2.1,Female
225,42,87.6,70,5,8.2,Female
226,43,48.7,46,5,5.7,Female
227,51,101.0,16,6,1.8,Male
228,45,57.0,43,8,6.2,Female
229,25,19.5,19,0,2.8,Female
230,19,26.5,76,0,9.4,Male
231,31,93.6,61,2,6.9,Male
232,22,29.4,77,1,8.6,Female
233,40,39.1,49,3,4.6,Male
234,27,32.1,80,1,8.6,Male
235,48,49.4,55,3,3.7,Female
236,25,28.4,21,0,0.9,Female
237,39,20.8,25,1,1.4,Male
238,34,91.9,70,7,8.6,Female
239,38,106.5,69,4,7.1,Male
240,39,101.0,75,3,7.9,Female
241,43,59.2,52,4,5.1,Male
242,33,95.8,76,6,7.0,Male
243,64,41.9,41,10,5.5,Female
244,28,28.3,79,1,7.5,Male
245,57,44.7,47,3,5.6,Male
246,38,93.5,81,5,5.4,Male
247,19,26.3,92,1,11.2,Female
248,20,22.5,80,1,6.1,Female
249,38,20.8,22,2,1.0,Female
250,36,101.1,68,3,6.9,Male
251,71,39.1,41,5,4.9,Male
252,32,33.6,19,1,2.1,Female
253,63,33.6,50,6,3.8,Male
254,52,104.0,10,6,2.0,Female
255,33,22.6,12,2,1.1,Male
256,58,50.4,49,7,3.0,Male
257,34,92.9,80,4,8.6,Female
258,48,54.6,49,7,4.6,Female
259,30,107.1,74,7,8.2,Male
260,61,37.2,49,12,4.6,Male
261,32,18.5,24,0,2.1,Male
262,41,96.3,86,5,4.9,Female
263,53,44.6,48,7,5.5,Female
264,29,30.9,72,0,11.3,Female
265,29,119.0,74,2,7.8,Female
266,51,82.1,26,9,1.7,Male
267,65,48.8,38,8,3.1,Female
268,29,18.1,68,1,8.3,Male
269,53,49.0,43,5,5.7,Male
270,39,94.5,67,6,7.4,Female
271,40,104.8,71,5,6.8,Female
272,50,94.8,16,2,2.0,Male
273,47,91.2,14,6,1.9,Male
274,24,22.3,17,2,2.0,Female
275,39,28.0,20,0,1.3,Male
276,20,31.4,16,0,1.7,Male
277,44,47.6,42,9,5.3,Male
278,56,46.7,40,10,5.9,Female
279,22,24.3,9,0,2.4,Male
280,44,109.6,76,3,6.7,Male
281,21,25.1,18,1,1.6,Male
282,35,69.4,26,8,1.8,Male
283,59,39.8,57,3,6.1,Male
284,53,93.8,15,1,1.5,Female
285,42,80.7,78,5,6.6,Female
286,58,66.1,45,5,5.8,Female
287,27,24.2,17,1,1.2,Female
288,63,39.5,40,13,4.3,Female
289,51,52.3,39,6,6.4,Female
290,23,29.2,16,1,1.4,Female
291,37,29.7,27,0,0.7,Male
292,32,27.7,20,2,2.5,Female
293,41,50.9,50,5,5.0,Male
294,26,33.2,17,2,2.0,Female
295,35,106.3,76,6,6.7,Male
296,36,104.8,70,6,8.2,Female
297,21,25.5,13,0,1.8,Male
298,63,48.4,47,5,3.8,Male
299,64,42.7,37,10,3.5,Female
300,68,32.8,41,5,3.5,Female
301,62,38.2,47,10,5.1,Female
302,49,100.2,27,2,1.7,Male
303,37,21.1,26,1,2.7,Male
304,31,97.1,83,3,8.1,Male
305,35,91.3,74,6,6.6,Female
306,48,83.2,15,7,0.2,Male
307,35,115.4,7,9,1.8,Male
308,33,101.3,9,2,3.0,Male
309,30,119.4,75,4,7.5,Female
310,32,103.4,77,3,6.9,Female
311,26,26.1,24,0,2.2,Female
312,48,93.6,24,9,2.1,Male
313,54,44.7,46,10,4.5,Female
314,63,46.3,37,10,5.0,Female
315,40,103.2,80,4,5.7,Female
316,28,31.8,21,0,1.6,Male
317,58,39.6,38,7,4.9,Male
318,43,99.0,72,6,8.4,Female
319,48,48.8,40,5,5.0,Male
320,23,27.2,28,2,1.1,Male
321,44,109.1,72,7,8.9,Male
322,65,31.7,47,14,3.2,Male
323,22,27.5,85,0,10.2,Male
324,55,35.8,51,10,3.4,Female
325,25,24.4,88,1,7.7,Female
326,22,21.5,20,2,0.7,Male
327,24,27.3,81,0,11.2,Male
328,51,73.4,15,4,2.1,Male
329,28,115.4,78,7,5.1,Male
330,44,37.0,45,8,5.4,Female
331,44,73.2,79,7,6.6,Male
332,22,27.9,86,0,8.2,Male
333,27,31.7,81,1,11.3,Female
334,27,36.9,77,0,10.8,Female
335,31,102.0,77,7,8.7,Male
336,41,105.9,68,5,8.5,Male
337,40,45.8,48,11,4.7,Female
338,26,24.1,8,0,2.1,Female
339,32,78.1,15,8,2.3,Male
340,29,33.8,83,1,9.8,Female
341,21,24.5,79,1,10.4,Female
342,46,102.3,25,5,0.5,Male
343,60,24.6,44,8,3.1,Female
344,50,45.3,57,3,5.2,Female
345,37,94.2,78,2,6.7,Female
346,21,24.8,85,1,9.5,Female
347,71,47.4,50,7,5.2,Male
348,43,47.1,41,4,6.0,Female
349,31,75.4,25,5,1.4,Male
350,39,23.2,31,1,1.2,Female
351,41,91.8,11,1,0.7,Female
352,59,51.2,47,3,5.3,Male
353,22,33.1,76,0,8.2,Female
354,40,96.2,9,6,0.9,Male
355,64,37.7,46,11,4.9,Male
356,29,95.4,81,7,8.1,Male
357,39,88.6,6,1,1.0,Female
358,61,45.5,49,10,4.6,Male
359,43,101.2,24,2,1.6,Female
360,42,106.8,73,3,4.7,Female
361,26,31.1,75,0,8.9,Male
362,34,22.6,13,1,0.8,Male
363,38,73.9,13,7,2.1,Female
364,29,34.6,70,1,9.6,Female
365,22,25.2,71,1,4.6,Female
366,18,22.8,83,0,11.2,Male
367,33,102.9,18,1,1.3,Male
368,27,33.7,23,1,2.1,Male
369,39,80.6,15,7,2.3,Female
370,66,19.4,36,6,3.5,Female
371,29,33.2,78,0,10.6,Female
372,43,55.1,40,11,4.5,Female
373,34,104.6,17,5,0.9,Male
374,44,115.9,22,1,1.9,Female
375,21,30.9,21,0,1.8,Female
376,44,81.0,90,5,8.6,Female
377,61,57.7,49,4,4.7,Female
378,30,78.8,83,4,7.8,Male
379,29,28.9,72,0,10.1,Male
380,28,109.3,61,3,6.9,Female
381,36,133.4,90,5,4.5,Male
382,55,62.0,47,7,3.6,Female
383,24,31.9,80,0,9.3,Male
384,26,26.8,24,1,1.0,Male
385,74,40.4,43,9,3.5,Female
386,29,32.6,73,1,10.7,Male
387,25,30.2,14,1,0.2,Male
388,25,34.3,81,1,8.2,Male
389,32,97.0,71,2,6.8,Male
390,24,28.5,79,0,9.1,Female
391,53,48.8,45,3,4.6,Male
392,72,47.1,42,5,5.1,Female
393,47,48.2,54,3,4.8,Female
394,46,72.9,11,7,1.7,Male
395,33,24.4,19,1,1.1,Male
396,62,53.2,47,4,4.6,Female
397,51,44.3,44,5,5.0,Male
398,24,21.6,18,2,1.6,Female
399,33,72.3,14,1,1.2,Female
400,43,91.9,22,1,0.7,Male
401,42,82.2,10,6,1.8,Male
402,31,23.0,26,2,1.3,Female
403,69,35.3,49,13,3.3,Male
404,33,108.3,20,9,1.1,Male
405,68,29.9,50,13,2.6,Male
406,68,31.9,41,7,3.3,Male
407,38,22.0,14,1,2.1,Female
408,24,24.0,20,1,1.0,Male
409,32,84.9,14,6,2.2,Male
410,40,97.7,23,4,1.6,Female
411,39,89.9,76,7,3.7,Female
412,20,22.8,72,0,11.6,Male
413,37,97.3,14,2,1.2,Male
414,62,36.7,49,4,4.3,Male
415,33,83.5,17,2,1.9,Male
416,21,25.7,21,1,1.7,Male
417,44,87.5,21,5,0.8,Female
418,38,108.2,77,6,6.7,Male
419,29,23.5,83,1,12.7,Female
420,40,38.9,46,8,3.6,Male
421,21,27.8,84,0,10.7,Female
422,72,38.8,44,7,3.8,Male
423,59,43.0,36,6,3.5,Male
424,24,31.0,82,1,13.4,Female
425,64,46.1,53,6,5.7,Male
426,29,32.2,71,0,11.4,Female
427,33,120.8,18,2,2.4,Male
428,28,29.6,94,1,8.6,Female
429,52,108.0,25,3,0.6,Male
430,52,55.1,56,8,6.0,Female
431,41,52.7,43,3,4.8,Male
432,22,32.8,79,0,9.5,Female
433,22,17.1,12,2,1.3,Female
434,74,42.8,49,8,3.6,Male
435,26,29.6,82,1,10.5,Female
436,21,28.3,25,1,1.2,Female
437,31,110.2,29,9,1.1,Male
438,39,91.1,10,9,1.7,Male
439,21,25.6,74,1,12.5,Male
440,28,27.1,10,1,0.6,Male
441,25,37.5,86,1,10.1,Female
442,42,46.1,46,4,4.6,Male
443,44,94.5,15,9,2.0,Female
444,30,110.7,63,6,8.2,Female
445,36,22.4,20,2,2.1,Male
446,62,24.0,41,7,4.1,Male
447,31,113.3,80,2,6.0,Female
448,38,33.1,20,0,0.9,Female
449,69,36.9,39,14,5.2,Male
450,38,22.0,15,1,0.9,Female
451,30,76.7,20,2,1.0,Male
452,19,37.6,79,1,11.4,Male
453,43,36.8,55,11,4.2,Female
454,19,23.1,69,0,9.5,Female
455,58,44.8,28,6,5.0,Female
456,35,106.1,80,5,8.5,Female
457,71,31.8,43,12,4.6,Female
458,43,93.4,74,2,6.8,Female
459,66,36.0,38,10,4.2,Male
460,33,94.7,69,6,7.7,Male
461,42,103.4,76,4,8.6,Female
462,22,26.9,74,1,7.7,Male
463,26,27.9,89,1,11.8,Female
464,24,26.2,17,1,1.7,Female
465,47,90.6,19,9,2.2,Female
466,32,94.5,18,7,1.5,Female
467,29,32.5,87,0,9.9,Female
468,28,22.4,19,2,1.1,Male
469,65,44.8,46,10,3.9,Female
470,34,112.6,74,4,8.6,Male
471,23,25.5,20,2,1.1,Female
472,69,29.8,37,5,3.2,Male
473,35,100.5,11,9,1.5,Male
474,59,56.5,50,7,7.2,Female
475,23,32.3,15,1,1.9,Female
476,61,54.6,42,7,4.9,Male
477,24,23.9,17,1,1.1,Female
478,30,105.7,20,7,1.1,Male
479,29,23.5,15,1,2.4,Male
480,41,96.2,64,3,6.5,Female
481,42,98.2,71,6,5.7,Male
482,42,112.4,78,2,6.4,Female
483,36,22.4,18,0,1.2,Male
484,18,33.1,85,0,8.5,Female
485,62,56.5,47,9,6.1,Female
486,26,30.7,69,0,6.1,Female
487,65,32.4,42,13,3.5,Female
488,26,25.2,15,0,0.0,Male
489,46,88.1,20,1,3.0,Female
490,63,33.7,40,5,4.4,Female
491,36,67.1,68,2,5.7,Female
492,70,33.8,44,7,5.0,Female
493,25,24.9,69,0,10.7,Male
494,33,94.9,73,4,6.0,Male
495,21,27.9,76,0,13.0,Male
496,42,104.7,69,7,6.6,Female
497,42,85.8,15,3,1.9,Female
498,29,24.3,27,1,0.9,Female
499,48,52.9,49,10,4.0,Female
500,38,90.1,83,4,7.9,Female
