CustomerID,Age,Annual_Income_k,Spending_Score,Membership_Years,Visits_Per_Month,Gender,Cluster
1,53,48.9,51,10,4.4,Female,1
2,23,33.7,83,1,8.6,Female,0
3,56,52.9,53,11,2.6,Female,1
4,42,111.4,76,6,6.3,Male,3
5,43,70.0,65,5,10.3,Male,3
6,42,55.5,40,11,4.3,Female,1
7,42,48.9,54,3,6.0,Male,1
8,29,81.7,76,4,7.3,Female,3
9,21,28.7,85,1,7.2,Male,0
10,67,36.0,38,5,4.1,Female,1
11,28,30.1,83,1,9.8,Male,0
12,40,84.2,33,7,1.4,Male,2
13,51,53.1,41,9,4.6,Male,1
14,25,34.4,81,1,8.2,Female,0
15,63,50.0,54,6,5.2,Female,1
16,51,41.7,38,8,5.0,Male,1
17,65,34.2,42,9,4.1,Male,1
18,29,30.3,85,0,10.3,Female,0
19,22,29.7,9,1,1.2,Female,4
20,54,57.4,48,3,5.2,Female,1
21,57,49.3,34,5,4.8,Female,1
22,60,33.8,43,12,3.0,Female,1
23,35,24.9,26,2,1.7,Female,4
24,24,25.7,25,0,1.8,Female,4
25,21,38.5,76,1,7.5,Female,0
26,71,26.7,55,8,4.7,Male,1
27,55,29.7,44,12,3.3,Male,1
28,31,90.3,25,5,2.9,Female,2
29,40,95.0,81,7,5.9,Female,3
30,25,27.2,15,2,0.6,Male,4
31,65,27.3,40,5,3.6,Male,1
32,37,23.5,22,2,3.0,Male,4
33,74,37.6,35,13,3.2,Male,1
34,42,95.2,78,3,8.7,Male,3
35,28,22.1,91,1,11.8,Male,0
36,23,27.0,17,2,1.6,Male,4
37,54,56.9,50,6,5.2,Female,1
38,25,28.6,83,1,9.7,Female,0
39,41,75.8,15,8,1.2,Male,2
40,24,28.9,70,0,8.1,Male,0
41,55,49.9,47,5,5.8,Male,1
42,27,24.8,72,1,10.6,Female,0
43,72,48.8,50,12,2.7,Female,1
44,32,109.9,74,3,6.3,Male,3
45,28,29.8,69,1,8.2,Male,0
46,23,34.4,81,0,9.3,Female,0
47,24,28.8,75,1,10.8,Female,0
48,25,34.1,81,0,11.8,Female,0
49,60,53.8,59,10,4.5,Female,1
50,23,26.3,74,0,6.5,Male,0
51,19,35.3,69,1,12.4,Female,0
52,29,118.1,71,3,7.8,Female,3
53,38,95.1,74,6,4.9,Male,3
54,48,57.1,52,11,5.7,Male,1
55,34,96.9,15,9,0.8,Female,2
56,27,28.3,82,1,10.8,Male,0
57,42,96.2,81,2,7.2,Female,3
58,22,20.0,84,0,8.3,Male,0
59,47,76.0,21,8,0.8,Male,2
60,19,28.1,77,1,12.3,Female,0
61,67,44.0,45,5,3.9,Male,1
62,40,88.8,17,5,1.9,Female,2
63,20,24.0,25,0,1.2,Female,4
64,60,27.4,40,11,5.4,Female,1
65,27,26.0,79,0,6.9,Female,0
66,29,32.9,82,0,9.9,Male,0
67,73,27.1,42,11,3.5,Female,1
68,24,27.6,80,1,7.9,Male,0
69,41,104.2,9,9,1.6,Male,2
70,48,48.9,49,8,4.7,Male,1
71,32,27.0,13,2,1.1,Male,4
72,33,20.6,14,2,1.8,Female,4
73,33,21.1,24,0,2.5,Female,4
74,21,22.3,11,0,0.8,Male,4
75,28,27.9,10,1,2.2,Female,4
76,38,26.8,21,0,2.0,Male,4
77,46,118.4,15,3,1.7,Male,2
78,19,30.5,77,1,11.7,Female,0
79,62,48.6,40,5,2.8,Female,1
80,69,39.9,38,5,3.9,Male,1
81,30,96.8,75,3,7.4,Male,3
82,27,30.6,73,1,10.9,Female,0
83,72,27.3,44,8,2.7,Female,1
84,29,89.5,74,6,7.2,Female,3
85,35,31.0,15,0,1.0,Female,4
86,19,27.2,87,1,12.2,Male,0
87,32,86.9,74,2,7.3,Female,3
88,47,52.3,46,10,5.2,Female,1
89,34,29.8,16,2,1.3,Male,4
90,20,29.8,18,2,1.7,Male,4
91,60,51.6,42,10,4.2,Male,1
92,74,33.2,47,8,5.2,Male,1
93,48,47.4,43,9,4.4,Male,1
94,23,30.3,28,0,1.3,Male,4
95,41,43.4,52,4,5.5,Male,1
96,34,22.7,12,0,1.5,Female,4
97,29,27.1,82,1,9.1,Female,0
98,27,35.5,77,1,8.1,Male,0
99,62,39.0,40,4,4.6,Female,1
100,25,34.4,81,1,12.1,Male,0
101,44,100.6,17,2,0.8,Female,2
102,41,58.6,42,8,3.2,Female,1
103,19,33.7,87,1,12.1,Male,0
104,35,23.7,18,1,1.2,Female,4
105,39,31.1,17,0,0.8,Female,4
106,26,25.0,93,0,10.1,Male,0
107,30,31.2,17,0,1.5,Male,4
108,44,109.4,13,5,2.2,Female,2
109,39,26.1,13,1,2.1,Male,4
110,43,92.8,81,7,7.9,Male,3
111,44,129.2,79,5,6.2,Female,3
112,46,54.4,45,9,5.2,Male,1
113,26,29.3,21,1,2.3,Male,4
114,22,27.8,75,0,12.7,Female,0
115,60,45.5,49,7,3.7,Male,1
116,33,21.3,19,1,1.5,Female,4
117,47,86.7,27,3,1.9,Female,2
118,46,88.9,13,9,0.9,Male,2
119,37,90.9,79,6,7.2,Male,3
120,26,27.2,88,1,9.3,Male,0
121,42,95.3,21,8,1.6,Male,2
122,44,111.6,73,7,3.8,Female,3
123,26,19.3,30,0,1.4,Male,4
124,33,104.3,74,2,6.7,Male,3
125,51,98.9,26,9,1.5,Female,2
126,38,75.9,14,1,1.4,Male,2
127,45,45.5,52,11,4.9,Male,1
128,36,98.3,24,7,1.4,Male,2
129,41,86.3,74,3,7.4,Male,3
130,24,28.7,21,0,0.7,Male,4
131,26,24.5,86,0,11.7,Female,0
132,31,102.5,91,4,8.4,Male,3
133,72,37.9,40,7,3.1,Female,1
134,38,65.7,26,8,1.3,Female,2
135,42,102.0,66,3,6.0,Female,3
136,27,25.4,89,0,10.1,Male,0
137,36,95.6,23,2,1.6,Male,2
138,29,22.9,63,0,13.0,Male,0
139,23,31.8,79,1,7.3,Female,0
140,43,84.5,16,1,2.6,Female,2
141,20,25.7,75,1,10.5,Female,0
142,42,88.1,32,7,1.2,Female,2
143,56,35.3,46,12,4.1,Male,1
144,26,26.6,75,1,9.6,Female,0
145,49,87.9,14,3,2.2,Female,2
146,31,110.8,15,1,2.5,Male,2
147,19,30.5,73,1,12.2,Male,0
148,45,100.7,24,1,1.2,Female,2
149,48,104.1,23,7,0.7,Male,2
150,51,52.8,49,6,5.5,Female,1
151,24,32.0,77,0,10.9,Female,0
152,32,111.2,86,5,7.6,Female,3
153,20,32.3,82,0,10.4,Male,0
154,20,22.1,86,1,10.0,Male,0
155,69,41.4,39,8,5.5,Male,1
156,32,19.8,15,2,1.4,Male,4
157,25,25.5,82,0,10.7,Female,0
158,31,72.2,6,2,1.7,Male,2
159,61,47.1,43,9,4.3,Female,1
160,21,19.8,79,1,11.4,Female,0
161,35,91.3,70,3,7.4,Female,3
162,33,29.0,24,2,0.2,Male,4
163,42,61.0,46,5,4.9,Male,1
164,23,31.6,73,1,7.6,Male,0
165,47,45.8,53,9,4.9,Female,1
166,59,28.2,38,14,4.4,Female,1
167,18,28.7,80,1,9.0,Male,0
168,20,29.8,82,0,8.9,Male,0
169,67,46.7,46,11,3.1,Male,1
170,38,102.8,76,7,6.5,Female,3
171,29,30.6,71,0,6.4,Male,0
172,37,115.6,76,2,6.8,Male,3
173,67,42.5,40,5,3.9,Male,1
174,33,93.2,76,5,7.6,Female,3
175,30,124.5,74,6,7.3,Male,3
176,35,115.0,67,2,8.0,Female,3
177,55,46.5,44,5,4.0,Male,1
178,33,90.2,75,7,7.0,Female,3
179,40,98.6,75,3,8.0,Male,3
180,61,46.0,47,4,4.0,Male,1
181,60,55.0,47,5,4.4,Male,1
182,42,85.7,17,8,0.5,Female,2
183,51,59.1,42,10,3.9,Female,1
184,20,31.9,15,0,0.4,Female,4
185,62,31.6,48,13,5.0,Female,1
186,41,101.1,73,7,7.1,Female,3
187,47,37.6,41,4,4.8,Female,1
188,18,31.0,74,0,9.7,Female,0
189,36,85.6,18,6,1.8,Male,2
190,40,89.4,68,6,4.0,Female,3
191,66,49.3,54,9,4.3,Male,1
192,55,66.4,42,10,5.1,Male,1
193,52,45.0,55,5,5.7,Female,1
194,36,96.9,21,2,1.1,Female,2
195,43,103.3,80,3,8.7,Male,3
196,43,92.5,15,6,1.4,Male,2
197,41,101.4,67,7,8.6,Female,3
198,25,32.2,78,1,10.1,Female,0
199,40,73.5,70,7,4.7,Female,3
200,48,42.6,45,5,3.4,Female,1
201,68,46.4,40,11,3.9,Male,1
202,21,28.9,87,1,11.2,Female,0
203,53,96.6,8,4,2.0,Male,2
204,37,109.9,59,6,4.6,Male,3
205,40,100.2,68,3,8.6,Male,3
206,39,78.8,20,4,2.1,Male,2
207,31,78.8,17,3,1.2,Female,2
208,23,18.0,71,0,8.7,Female,0
209,60,53.3,40,7,2.9,Male,1
210,23,26.6,12,2,1.7,Female,4
211,41,107.7,12,2,1.2,Female,2
212,28,88.0,78,3,6.9,Female,3
213,30,19.6,16,1,2.6,Female,4
214,37,26.2,23,0,1.0,Female,4
215,36,96.3,25,8,1.6,Male,2
216,32,27.7,23,1,1.2,Male,4
217,47,52.1,42,5,5.1,Female,1
218,36,89.5,19,4,1.1,Male,2
219,37,27.9,16,2,1.7,Male,4
220,33,86.1,22,6,1.8,Female,2
221,60,50.6,48,5,5.4,Male,1
222,52,83.2,5,3,2.2,Male,2
223,29,32.1,83,0,11.0,Female,0
224,54,67.8,14,2,2.1,Female,2
225,42,87.6,70,5,8.2,Female,3
226,43,48.7,46,5,5.7,Female,1
227,51,101.0,16,6,1.8,Male,2
228,45,57.0,43,8,6.2,Female,1
229,25,19.5,19,0,2.8,Female,4
230,19,26.5,76,0,9.4,Male,0
231,31,93.6,61,2,6.9,Male,3
232,22,29.4,77,1,8.6,Female,0
233,40,39.1,49,3,4.6,Male,1
234,27,32.1,80,1,8.6,Male,0
235,48,49.4,55,3,3.7,Female,1
236,25,28.4,21,0,0.9,Female,4
237,39,20.8,25,1,1.4,Male,4
238,34,91.9,70,7,8.6,Female,3
239,38,106.5,69,4,7.1,Male,3
240,39,101.0,75,3,7.9,Female,3
241,43,59.2,52,4,5.1,Male,1
242,33,95.8,76,6,7.0,Male,3
243,64,41.9,41,10,5.5,Female,1
244,28,28.3,79,1,7.5,Male,0
245,57,44.7,47,3,5.6,Male,1
246,38,93.5,81,5,5.4,Male,3
247,19,26.3,92,1,11.2,Female,0
248,20,22.5,80,1,6.1,Female,0
249,38,20.8,22,2,1.0,Female,4
250,36,101.1,68,3,6.9,Male,3
251,71,39.1,41,5,4.9,Male,1
252,32,33.6,19,1,2.1,Female,4
253,63,33.6,50,6,3.8,Male,1
254,52,104.0,10,6,2.0,Female,2
255,33,22.6,12,2,1.1,Male,4
256,58,50.4,49,7,3.0,Male,1
257,34,92.9,80,4,8.6,Female,3
258,48,54.6,49,7,4.6,Female,1
259,30,107.1,74,7,8.2,Male,3
260,61,37.2,49,12,4.6,Male,1
261,32,18.5,24,0,2.1,Male,4
262,41,96.3,86,5,4.9,Female,3
263,53,44.6,48,7,5.5,Female,1
264,29,30.9,72,0,11.3,Female,0
265,29,119.0,74,2,7.8,Female,3
266,51,82.1,26,9,1.7,Male,2
267,65,48.8,38,8,3.1,Female,1
268,29,18.1,68,1,8.3,Male,0
269,53,49.0,43,5,5.7,Male,1
270,39,94.5,67,6,7.4,Female,3
271,40,104.8,71,5,6.8,Female,3
272,50,94.8,16,2,2.0,Male,2
273,47,91.2,14,6,1.9,Male,2
274,24,22.3,17,2,2.0,Female,4
275,39,28.0,20,0,1.3,Male,4
276,20,31.4,16,0,1.7,Male,4
277,44,47.6,42,9,5.3,Male,1
278,56,46.7,40,10,5.9,Female,1
279,22,24.3,9,0,2.4,Male,4
280,44,109.6,76,3,6.7,Male,3
281,21,25.1,18,1,1.6,Male,4
282,35,69.4,26,8,1.8,Male,2
283,59,39.8,57,3,6.1,Male,1
284,53,93.8,15,1,1.5,Female,2
285,42,80.7,78,5,6.6,Female,3
286,58,66.1,45,5,5.8,Female,1
287,27,24.2,17,1,1.2,Female,4
288,63,39.5,40,13,4.3,Female,1
289,51,52.3,39,6,6.4,Female,1
290,23,29.2,16,1,1.4,Female,4
291,37,29.7,27,0,0.7,Male,4
292,32,27.7,20,2,2.5,Female,4
293,41,50.9,50,5,5.0,Male,1
294,26,33.2,17,2,2.0,Female,4
295,35,106.3,76,6,6.7,Male,3
296,36,104.8,70,6,8.2,Female,3
297,21,25.5,13,0,1.8,Male,4
298,63,48.4,47,5,3.8,Male,1
299,64,42.7,37,10,3.5,Female,1
300,68,32.8,41,5,3.5,Female,1
301,62,38.2,47,10,5.1,Female,1
302,49,100.2,27,2,1.7,Male,2
303,37,21.1,26,1,2.7,Male,4
304,31,97.1,83,3,8.1,Male,3
305,35,91.3,74,6,6.6,Female,3
306,48,83.2,15,7,0.2,Male,2
307,35,115.4,7,9,1.8,Male,2
308,33,101.3,9,2,3.0,Male,2
309,30,119.4,75,4,7.5,Female,3
310,32,103.4,77,3,6.9,Female,3
311,26,26.1,24,0,2.2,Female,4
312,48,93.6,24,9,2.1,Male,2
313,54,44.7,46,10,4.5,Female,1
314,63,46.3,37,10,5.0,Female,1
315,40,103.2,80,4,5.7,Female,3
316,28,31.8,21,0,1.6,Male,4
317,58,39.6,38,7,4.9,Male,1
318,43,99.0,72,6,8.4,Female,3
319,48,48.8,40,5,5.0,Male,1
320,23,27.2,28,2,1.1,Male,4
321,44,109.1,72,7,8.9,Male,3
322,65,31.7,47,14,3.2,Male,1
323,22,27.5,85,0,10.2,Male,0
324,55,35.8,51,10,3.4,Female,1
325,25,24.4,88,1,7.7,Female,0
326,22,21.5,20,2,0.7,Male,4
327,24,27.3,81,0,11.2,Male,0
328,51,73.4,15,4,2.1,Male,2
329,28,115.4,78,7,5.1,Male,3
330,44,37.0,45,8,5.4,Female,1
331,44,73.2,79,7,6.6,Male,3
332,22,27.9,86,0,8.2,Male,0
333,27,31.7,81,1,11.3,Female,0
334,27,36.9,77,0,10.8,Female,0
335,31,102.0,77,7,8.7,Male,3
336,41,105.9,68,5,8.5,Male,3
337,40,45.8,48,11,4.7,Female,1
338,26,24.1,8,0,2.1,Female,4
339,32,78.1,15,8,2.3,Male,2
340,29,33.8,83,1,9.8,Female,0
341,21,24.5,79,1,10.4,Female,0
342,46,102.3,25,5,0.5,Male,2
343,60,24.6,44,8,3.1,Female,1
344,50,45.3,57,3,5.2,Female,1
345,37,94.2,78,2,6.7,Female,3
346,21,24.8,85,1,9.5,Female,0
347,71,47.4,50,7,5.2,Male,1
348,43,47.1,41,4,6.0,Female,1
349,31,75.4,25,5,1.4,Male,2
350,39,23.2,31,1,1.2,Female,4
351,41,91.8,11,1,0.7,Female,2
352,59,51.2,47,3,5.3,Male,1
353,22,33.1,76,0,8.2,Female,0
354,40,96.2,9,6,0.9,Male,2
355,64,37.7,46,11,4.9,Male,1
356,29,95.4,81,7,8.1,Male,3
357,39,88.6,6,1,1.0,Female,2
358,61,45.5,49,10,4.6,Male,1
359,43,101.2,24,2,1.6,Female,2
360,42,106.8,73,3,4.7,Female,3
361,26,31.1,75,0,8.9,Male,0
362,34,22.6,13,1,0.8,Male,4
363,38,73.9,13,7,2.1,Female,2
364,29,34.6,70,1,9.6,Female,0
365,22,25.2,71,1,4.6,Female,0
366,18,22.8,83,0,11.2,Male,0
367,33,102.9,18,1,1.3,Male,2
368,27,33.7,23,1,2.1,Male,4
369,39,80.6,15,7,2.3,Female,2
370,66,19.4,36,6,3.5,Female,1
371,29,33.2,78,0,10.6,Female,0
372,43,55.1,40,11,4.5,Female,1
373,34,104.6,17,5,0.9,Male,2
374,44,115.9,22,1,1.9,Female,2
375,21,30.9,21,0,1.8,Female,4
376,44,81.0,90,5,8.6,Female,3
377,61,57.7,49,4,4.7,Female,1
378,30,78.8,83,4,7.8,Male,3
379,29,28.9,72,0,10.1,Male,0
380,28,109.3,61,3,6.9,Female,3
381,36,133.4,90,5,4.5,Male,3
382,55,62.0,47,7,3.6,Female,1
383,24,31.9,80,0,9.3,Male,0
384,26,26.8,24,1,1.0,Male,4
385,74,40.4,43,9,3.5,Female,1
386,29,32.6,73,1,10.7,Male,0
387,25,30.2,14,1,0.2,Male,4
388,25,34.3,81,1,8.2,Male,0
389,32,97.0,71,2,6.8,Male,3
390,24,28.5,79,0,9.1,Female,0
391,53,48.8,45,3,4.6,Male,1
392,72,47.1,42,5,5.1,Female,1
393,47,48.2,54,3,4.8,Female,1
394,46,72.9,11,7,1.7,Male,2
395,33,24.4,19,1,1.1,Male,4
396,62,53.2,47,4,4.6,Female,1
397,51,44.3,44,5,5.0,Male,1
398,24,21.6,18,2,1.6,Female,4
399,33,72.3,14,1,1.2,Female,2
400,43,91.9,22,1,0.7,Male,2
401,42,82.2,10,6,1.8,Male,2
402,31,23.0,26,2,1.3,Female,4
403,69,35.3,49,13,3.3,Male,1
404,33,108.3,20,9,1.1,Male,2
405,68,29.9,50,13,2.6,Male,1
406,68,31.9,41,7,3.3,Male,1
407,38,22.0,14,1,2.1,Female,4
408,24,24.0,20,1,1.0,Male,4
409,32,84.9,14,6,2.2,Male,2
410,40,97.7,23,4,1.6,Female,2
411,39,89.9,76,7,3.7,Female,3
412,20,22.8,72,0,11.6,Male,0
413,37,97.3,14,2,1.2,Male,2
414,62,36.7,49,4,4.3,Male,1
415,33,83.5,17,2,1.9,Male,2
416,21,25.7,21,1,1.7,Male,4
417,44,87.5,21,5,0.8,Female,2
418,38,108.2,77,6,6.7,Male,3
419,29,23.5,83,1,12.7,Female,0
420,40,38.9,46,8,3.6,Male,1
421,21,27.8,84,0,10.7,Female,0
422,72,38.8,44,7,3.8,Male,1
423,59,43.0,36,6,3.5,Male,1
424,24,31.0,82,1,13.4,Female,0
425,64,46.1,53,6,5.7,Male,1
426,29,32.2,71,0,11.4,Female,0
427,33,120.8,18,2,2.4,Male,2
428,28,29.6,94,1,8.6,Female,0
429,52,108.0,25,3,0.6,Male,2
430,52,55.1,56,8,6.0,Female,1
431,41,52.7,43,3,4.8,Male,1
432,22,32.8,79,0,9.5,Female,0
433,22,17.1,12,2,1.3,Female,4
434,74,42.8,49,8,3.6,Male,1
435,26,29.6,82,1,10.5,Female,0
436,21,28.3,25,1,1.2,Female,4
437,31,110.2,29,9,1.1,Male,2
438,39,91.1,10,9,1.7,Male,2
439,21,25.6,74,1,12.5,Male,0
440,28,27.1,10,1,0.6,Male,4
441,25,37.5,86,1,10.1,Female,0
442,42,46.1,46,4,4.6,Male,1
443,44,94.5,15,9,2.0,Female,2
444,30,110.7,63,6,8.2,Female,3
445,36,22.4,20,2,2.1,Male,4
446,62,24.0,41,7,4.1,Male,1
447,31,113.3,80,2,6.0,Female,3
448,38,33.1,20,0,0.9,Female,4
449,69,36.9,39,14,5.2,Male,1
450,38,22.0,15,1,0.9,Female,4
451,30,76.7,20,2,1.0,Male,2
452,19,37.6,79,1,11.4,Male,0
453,43,36.8,55,11,4.2,Female,1
454,19,23.1,69,0,9.5,Female,0
455,58,44.8,28,6,5.0,Female,1
456,35,106.1,80,5,8.5,Female,3
457,71,31.8,43,12,4.6,Female,1
458,43,93.4,74,2,6.8,Female,3
459,66,36.0,38,10,4.2,Male,1
460,33,94.7,69,6,7.7,Male,3
461,42,103.4,76,4,8.6,Female,3
462,22,26.9,74,1,7.7,Male,0
463,26,27.9,89,1,11.8,Female,0
464,24,26.2,17,1,1.7,Female,4
465,47,90.6,19,9,2.2,Female,2
466,32,94.5,18,7,1.5,Female,2
467,29,32.5,87,0,9.9,Female,0
468,28,22.4,19,2,1.1,Male,4
469,65,44.8,46,10,3.9,Female,1
470,34,112.6,74,4,8.6,Male,3
471,23,25.5,20,2,1.1,Female,4
472,69,29.8,37,5,3.2,Male,1
473,35,100.5,11,9,1.5,Male,2
474,59,56.5,50,7,7.2,Female,1
475,23,32.3,15,1,1.9,Female,4
476,61,54.6,42,7,4.9,Male,1
477,24,23.9,17,1,1.1,Female,4
478,30,105.7,20,7,1.1,Male,2
479,29,23.5,15,1,2.4,Male,4
480,41,96.2,64,3,6.5,Female,3
481,42,98.2,71,6,5.7,Male,3
482,42,112.4,78,2,6.4,Female,3
483,36,22.4,18,0,1.2,Male,4
484,18,33.1,85,0,8.5,Female,0
485,62,56.5,47,9,6.1,Female,1
486,26,30.7,69,0,6.1,Female,0
487,65,32.4,42,13,3.5,Female,1
488,26,25.2,15,0,0.0,Male,4
489,46,88.1,20,1,3.0,Female,2
490,63,33.7,40,5,4.4,Female,1
491,36,67.1,68,2,5.7,Female,3
492,70,33.8,44,7,5.0,Female,1
493,25,24.9,69,0,10.7,Male,0
494,33,94.9,73,4,6.0,Male,3
495,21,27.9,76,0,13.0,Male,0
496,42,104.7,69,7,6.6,Female,3
497,42,85.8,15,3,1.9,Female,2
498,29,24.3,27,1,0.9,Female,4
499,48,52.9,49,10,4.0,Female,1
500,38,90.1,83,4,7.9,Female,3
